{"0": [0.012553782617946659, 1.6272031955658894], "1": [1.1741204538922931, 0.24634619910792044], "2": [0.31593108556997823, 2.0622518431313397], "3": [1.1392534390660822, 0.0707982700496909], "4": [0.6861209908347733, 0.6985642469622453], "5": [0.9709214973973886, 0.22135448932697038], "6": [1.1041935919379777, 1.0406063169432727], "7": [1.2254671010133895, 0.2345816424938175], "8": [1.1305882270541778, 0.7684248671948686], "9": [0.25123132448679997, 2.1323159125283886], "10": [0.9376329498175786, 0.7652093577635853], "11": [0.3452212453995361, 1.836254292003608], "12": [0.33389739247872546, 2.04380041106301], "13": [0.21518777940275188, 1.6900158277496045], "14": [1.0895140889553572, 0.3298509822849941], "15": [0.0, 2.329101378544732], "16": [1.3942339410822078, 0.0], "17": [0.987464504486004, 0.43348975109649457], "18": [0.9148661887485244, 0.4403886298855242], "19": [1.102180523926346, 0.8512751117769262], "20": [0.32353224356999977, 1.9353657576156222], "21": [1.0645256194424402, 0.642097116662242], "22": [0.0, 1.787912943219741], "23": [0.9534288611031244, 0.9362345822713757], "24": [0.05199305836014722, 1.7796326513041085], "25": [1.4070900437235347, 0.2000781034229227], "26": [0.3798063656406807, 1.5990042919732905], "27": [1.2338730368322748, 0.14339170674085827], "28": [0.9547756610208173, 0.3298579483203794], "29": [1.0167343418376948, 0.21864025830081635], "30": [0.9041524429359067, 1.238457495075652], "31": [0.8646295668428492, 1.3186054254449038], "32": [1.1486058987213845, 0.3175405301048639], "33": [0.9073592146784953, 0.725557667903391], "34": [0.14921036728611894, 1.6754659790296116], "35": [1.2997929837163913, 0.3146870602156976], "36": [0.30818051091971477, 1.9582524546209672], "37": [0.979290658913036, 0.5745685025782798], "38": [0.44146321867683364, 1.7383531659648337], "39": [0.4447128374851438, 1.2029376992304246], "40": [0.09335190142412611, 1.9235098800170733], "41": [1.1346930917891838, 0.17308676987973598], "42": [0.4735778413013799, 1.7994381958917032], "43": [1.118798319647012, 0.0731563200795933], "44": [0.5440420493738666, 0.9731756560801023], "45": [0.956962969960945, 0.2006407449827097], "46": [0.8032038077862117, 1.1475123832554373], "47": [0.950261716045144, 0.47203380418285446], "48": [1.1530016732378074, 0.9840641446007019], "49": [0.0, 2.097600743378099], "50": [1.4512186899510484, 0.31910426854824037], "51": [0.0, 1.8216590291474732], "52": [0.9041299782479953, 0.8275612427517911], "53": [0.2842923386308864, 2.1990074072819072], "54": [0.07892271786433554, 1.8394701327515603], "55": [0.01671117139898152, 1.9248252929591754], "56": [1.7027301436637305, 0.11665357350813343], "57": [0.3926179113960256, 1.826763815223293], "58": [1.267681538572949, 0.012713505891414715], "59": [0.8313846793006011, 0.28606079088563174], "60": [0.930661972278373, 0.27680949512770175], "61": [0.9553596090737018, 1.0749748282034772], "62": [1.0765936739267896, 0.3201414975157671], "63": [1.1872215389173804, 0.690635394116914], "64": [0.9894819714121742, 0.4914411782606068], "65": [0.2295869477514651, 1.9455705443175704], "66": [0.8706292517114781, 0.7218664911029249], "67": [0.08426987467631758, 1.6262636089646674], "68": [1.4023047711860228, 0.2447759273492167], "69": [0.33439458541758915, 2.2403141562854803], "70": [1.248778183281004, 0.0], "71": [0.9521184453701825, 0.4508483810849456], "72": [0.8945962645959056, 0.27387756721801915], "73": [0.6491500761332579, 1.3528356600447469], "74": [0.9983589540166516, 0.4318609388390287], "75": [1.0101736785864117, 1.0880321517018552], "76": [0.051563196390857, 2.003891250164462], "77": [1.0863131051836064, 0.564951281437199], "78": [0.04210587520948427, 1.9191766822674223], "79": [0.9168387397861304, 1.015335608532856], "80": [0.22633489572980453, 1.7629822598592966], "81": [1.4026474493297354, 0.29053665744877216], "82": [1.4663373438912557, 0.20164064940888995], "83": [1.0302964754043684, 0.5272912260438255], "84": [0.7455676516438874, 0.8060520142703077], "85": [0.9709181087025356, 0.7138773348356606], "86": [0.9456255040732291, 1.0528044484510772], "87": [0.3096979504160015, 2.1646032292466026], "88": [0.31212264431977227, 1.6398706260091707], "89": [1.1697086426403076, 0.1537521467022264], "90": [0.9737759193026411, 0.1924035092710731], "91": [0.8125381992082741, 0.48716387254341537], "92": [1.316599670827301, 0.325283873053393], "93": [0.8987059070585367, 0.19097274238789017], "94": [1.0717251025907297, 0.46740124431021035], "95": [1.1413126040503185, 0.3764283476410204], "96": [0.714532022520649, 0.529061558111151], "97": [0.9807689644434268, 0.3794900467551937], "98": [1.2420355140387689, 0.3319738923500775], "99": [1.1077124385810004, 0.308850022978989], "100": [1.544697384941502, 0.3695630600323746], "101": [0.7688941147369622, 0.7506404572177904], "102": [0.8012376063479411, 0.6094192652584162], "103": [1.4543278393299113, 0.3981432603353141], "104": [0.02225637573939209, 1.9665627289180925], "105": [1.0886672753188957, 0.3492808582037183], "106": [0.6920267042941576, 0.8605518086194095], "107": [0.16142141303511667, 2.0588162266375383], "108": [0.2209413764905513, 1.8609877736122786], "109": [0.4254224966609291, 1.6699736298572931], "110": [1.1577349728324193, 0.15202077628557703], "111": [1.0293285798501821, 0.2889798829908083], "112": [0.8840387952121018, 0.16930650321900068], "113": [1.3266034556842894, 0.34779788888878954], "114": [0.8472083507394848, 0.46916436672921125], "115": [1.1582960103036704, 0.378991385258888], "116": [1.2210331161148211, 0.4910724130960412], "117": [1.104313346029323, 0.24270950327164653], "118": [1.545547506648927, 0.4752754943750087], "119": [1.1017450947169853, 0.5450585263227556], "120": [0.8050088926235133, 0.5281815592865828], "121": [1.2665359456689904, 0.1918668245512314], "122": [0.13115224119113236, 1.9959463669469866], "123": [1.3126990872414508, 0.23442503596146883], "124": [1.104687296190583, 0.6311845503552125], "125": [0.0, 2.6137348986124835], "126": [0.22727275899953264, 1.6912215999328362], "127": [0.21925749213749113, 1.729992205064694], "128": [1.2262844933993495, 0.5521158084716199], "129": [1.0164366513202991, 0.1499101113218275], "130": [0.7843486857199583, 0.7831164284081484], "131": [1.1343957252109915, 0.35310195536500144], "132": [1.1157247705376647, 0.5289075931898293], "133": [1.2626233260966164, 0.4280969126046356], "134": [0.8741011372116048, 0.23686478260043864], "135": [1.2382157673053338, 0.45619961633587713], "136": [1.0539848286124887, 0.30595803533268123], "137": [1.3726441477592357, 0.5528117200165265], "138": [0.930744327303741, 0.9996306259027088], "139": [0.981320569439912, 0.39716324662199176], "140": [1.3574688483421677, 0.3124215811956366], "141": [0.5378831185113974, 1.1878701669685054], "142": [1.2855315276318606, 0.2878237595173138], "143": [0.11083407749623778, 2.0938389470454433], "144": [0.19324062377241966, 1.4216106747966852], "145": [0.25342651204283917, 1.582616570323066], "146": [0.019687148729722485, 2.237281502108808], "147": [1.3852942648538586, 0.2284052663735418], "148": [1.0882531317727486, 0.2641704848702668], "149": [0.48137858135950023, 0.7252078584380135], "150": [1.213732208783925, 0.29459262490800947], "151": [1.3731238354863782, 0.2606201493534523], "152": [0.8437663081941944, 0.4484751948916932], "153": [1.136485151446072, 0.300733290242758], "154": [0.9282643664944501, 0.2876812951695651], "155": [1.2769419045902317, 0.38173786004873245], "156": [1.0562825044037927, 0.6566928055487533], "157": [0.9897475680727331, 0.7675077459120931], "158": [1.2200678642748821, 0.49390634756783863], "159": [0.7028770822958246, 0.4815169138388246], "160": [1.079064918599468, 0.2629033165170235], "161": [0.04467098888791355, 1.7001192820760795], "162": [1.3192456455464499, 0.1874414037794492], "163": [1.3623846534274864, 0.33329812956788324], "164": [0.0, 2.1495603232625795], "165": [0.5935401201607549, 1.4412850824293806], "166": [0.9538667470105335, 0.24612973177285355],